[
{
"page":"home",
"title":"Midas",
"paragraph":"A Nepal based professionally managed company offering IT solutions to local as well as overseas clients especially on Education, Health and Agriculture sector."
},

{
"page":"about",
"title":"About Us",
"paragraph":"Welcome to MiDas Technologies (P.) Ltd. - A Nepal based professionally managed company offering IT solutions to local as well as overseas clients. We offer you a unique combination of experience, knowledge, methodology and professional commitment that makes us the right choice for your business. Our continue success is a reflection of our primary focus- value, quality and commitment to the best possible customer service. As we develop new modules and update exisiting ones, we always ensure that our current customers remain our top priority. We are proud that our very first customer is still an important member of the MiDas family."  
},
{
"page":"clients",
"title":"Our Clients",
"paragraph":"Headquartered in Kathmandu, Nepal, MiDas Technologies (P.) Ltd. offers IT solutions and services to those companies seeking to develop or install software applications to support their enterprise-wide or departmental business processes. Our services encompass Business Software Development, Educational Software Development, Web Development, Physician Billing and Practice Management Software Solutions, which are noted for their vastly superior efficiency resulting in optimum productivity by requiring the least number of keystrokes / mouse clicks.With our extensive experience, vast range of products and services, we are able to offer our customers high quality, time bound, cost effective and a single-point solution for their needs at any point in their product development cycle through facilities in Kathmandu and Biratnagar.Our suite of solutions are set to rclientslistise the way companies manage their business and communicate with their customers and employees."  
},
{
"page":"products",
"title":"Our Products",
"paragraph":"Welcome to MiDas Technologies (P.) Ltd. - A Nepal based professionally managed company offering IT solutions to local as well as overseas clients. We offer you a unique combination of experience, knowledge, methodology and professional commitment that makes us the right choice for your business. Our continue success is a reflection of our primary focus- value, quality and commitment to the best possible customer service. As we develop new modules and update exisiting ones, we always ensure that our current customers remain our top priority. We are proud that our very first customer is still an important member of the MiDas family."  
},

{
"page":"contact",
"title":"Contact Us",
"paragraph":"Welcome to MiDas Technologies (P.) Ltd. - A Nepal based professionally managed company offering IT solutions to local as well as overseas clients. We offer you a unique combination of experience, knowledge, methodology and professional commitment that makes us the right choice for your business. Our continue success is a reflection of our primary focus- value, quality and commitment to the best possible customer service. As we develop new modules and update exisiting ones, we always ensure that our current customers remain our top priority. We are proud that our very first customer is still an important member of the MiDas family."  
}
]